{"accuracy": [0.5424666404724121, 0.6630222201347351, 0.6865110993385315, 0.7132222056388855, 0.7423555850982666, 0.7554000020027161, 0.7712888717651367, 0.7571777701377869, 0.7849777936935425, 0.8205778002738953, 0.8327111005783081, 0.8397111296653748, 0.84297776222229, 0.8614222407341003, 0.8727111220359802, 0.8765777945518494, 0.8816444277763367, 0.8860666751861572, 0.8887333273887634, 0.8908888697624207, 0.9031333327293396, 0.906511127948761, 0.9125111103057861, 0.9124888777732849, 0.9160000085830688, 0.9170666933059692, 0.9178444147109985, 0.9210888743400574, 0.9281777739524841, 0.9294000267982483, 0.9310666918754578, 0.9341999888420105, 0.9358888864517212, 0.9350888729095459, 0.9374889135360718, 0.9387333393096924, 0.9385333061218262, 0.939644455909729, 0.9403333067893982, 0.9413777589797974], "loss": [1.3959356546401978, 1.009432077407837, 0.9310460090637207, 0.8590146899223328, 0.7774081826210022, 0.7316887974739075, 0.6904853582382202, 0.728913426399231, 0.6486175060272217, 0.533523678779602, 0.49679842591285706, 0.47392329573631287, 0.46724846959114075, 0.40616941452026367, 0.37157687544822693, 0.36221635341644287, 0.34797021746635437, 0.3358575105667114, 0.326797753572464, 0.3154955804347992, 0.2836814820766449, 0.2696186900138855, 0.25675082206726074, 0.25292348861694336, 0.24491484463214874, 0.2418825924396515, 0.23741048574447632, 0.23011699318885803, 0.20948731899261475, 0.20082536339759827, 0.1986476182937622, 0.1918153166770935, 0.18257281184196472, 0.18538834154605865, 0.18187075853347778, 0.1765170842409134, 0.17559686303138733, 0.17222554981708527, 0.17291273176670074, 0.17061395943164825], "val_accuracy": [0.13979999721050262, 0.6191999912261963, 0.27880001068115234, 0.6761999726295471, 0.6949999928474426, 0.7333999872207642, 0.6431999802589417, 0.6904000043869019, 0.727400004863739, 0.8123999834060669, 0.7753999829292297, 0.795199990272522, 0.8144000172615051, 0.8384000062942505, 0.8465999960899353, 0.8306000232696533, 0.8485999703407288, 0.8420000076293945, 0.8485999703407288, 0.8363999724388123, 0.8600000143051147, 0.8528000116348267, 0.8453999757766724, 0.8709999918937683, 0.8700000047683716, 0.8682000041007996, 0.864799976348877, 0.8655999898910522, 0.8677999973297119, 0.8708000183105469, 0.8636000156402588, 0.8709999918937683, 0.8659999966621399, 0.8718000054359436, 0.8715999722480774, 0.8741999864578247, 0.8679999709129333, 0.8718000054359436, 0.8727999925613403, 0.8723999857902527], "val_loss": [2.8988029956817627, 1.2143125534057617, 4.4995903968811035, 1.05741548538208, 0.8885087966918945, 0.8264327049255371, 1.155800700187683, 1.0206096172332764, 0.853598952293396, 0.5637031197547913, 0.6758811473846436, 0.6481477618217468, 0.5664454102516174, 0.4840383231639862, 0.4623282849788666, 0.5388395190238953, 0.4460309147834778, 0.5020890831947327, 0.4674748480319977, 0.49539756774902344, 0.43623265624046326, 0.4734506905078888, 0.49764883518218994, 0.4116300344467163, 0.40512773394584656, 0.4150438904762268, 0.4325021505355835, 0.42907124757766724, 0.43465474247932434, 0.4328099489212036, 0.47063755989074707, 0.4311847686767578, 0.4481867253780365, 0.4316537082195282, 0.44087323546409607, 0.43149468302726746, 0.445544958114624, 0.43808701634407043, 0.4361899495124817, 0.4383540451526642], "learning_rate": [0.0010000000474974513, 0.0010000000474974513, 0.0010000000474974513, 0.0010000000474974513, 0.0010000000474974513, 0.0010000000474974513, 0.0010000000474974513, 0.0010000000474974513, 0.0010000000474974513, 0.0005000000237487257, 0.0005000000237487257, 0.0005000000237487257, 0.0005000000237487257, 0.0002500000118743628, 0.0002500000118743628, 0.0002500000118743628, 0.0002500000118743628, 0.0002500000118743628, 0.0002500000118743628, 0.0002500000118743628, 0.0001250000059371814, 0.0001250000059371814, 0.0001250000059371814, 0.0001250000059371814, 0.0001250000059371814, 0.0001250000059371814, 0.0001250000059371814, 0.0001250000059371814, 6.25000029685907e-05, 6.25000029685907e-05, 6.25000029685907e-05, 3.125000148429535e-05, 3.125000148429535e-05, 3.125000148429535e-05, 1.5625000742147677e-05, 1.5625000742147677e-05, 1.5625000742147677e-05, 7.812500371073838e-06, 7.812500371073838e-06, 7.812500371073838e-06]}